episode,reward
6,-0.07815
241,0.0119
486,0.09755
822,0.30805
1265,0.6509
1791,0.96645
2364,1.08065
2962,1.07355
3553,1.0725
4143,1.0792
